Date,Open,High,Low,Close,Adj Close,Volume,Symbol
2024-05-06,150.6108986316876,152.09585128707585,150.54825222354182,151.19260684427528,151.19260684427528,1721384,AAPL
2024-05-07,150.81345944177835,151.86114308083984,150.27324541056294,150.95463504578382,150.95463504578382,9908385,AAPL
2024-05-08,152.24988611202858,153.5108450571678,152.24716526159503,152.49668616669163,152.49668616669163,8716220,AAPL
2024-05-09,155.72482837635502,156.3304683876031,154.81643533508654,156.05678960030232,156.05678960030232,3887698,AAPL
2024-05-10,155.19181251849875,157.0094030038444,154.5074223550458,155.58669963610149,155.58669963610149,3432593,AAPL
2024-05-13,154.9300533980177,155.76765277098383,154.77561049065454,155.1180640400011,155.1180640400011,5031464,AAPL
2024-05-14,158.77886890857732,159.47878211484158,158.73921075077456,158.87008959175108,158.87008959175108,4390742,AAPL
2024-05-15,160.287488551107,161.61266838068047,159.68426537470546,160.77836099919213,160.77836099919213,9545106,AAPL
2024-05-16,159.49602056106252,159.80154745433873,158.6811022918746,159.72653034516588,159.72653034516588,8357804,AAPL
2024-05-17,160.63810637777516,161.37420511238113,160.66607376289286,161.10631210932706,161.10631210932706,7133066,AAPL
2024-05-20,159.94343067102332,161.24832059964692,158.54495401653438,160.06697253355333,160.06697253355333,3887296,AAPL
2024-05-21,158.6462111114672,159.16046046177038,158.7885612121469,159.02878674472825,159.02878674472825,7529845,AAPL
2024-05-22,159.26025162447144,160.64863201049926,158.9951097087622,159.6854856353778,159.6854856353778,3736582,AAPL
2024-05-23,155.1422715774469,155.56322094104482,153.7181554963907,155.18248210282417,155.18248210282417,8956056,AAPL
2024-05-24,150.9903694517098,151.8337077155666,150.61010164796292,151.24491788378364,151.24491788378364,2100500,AAPL
2024-05-27,149.94405219557197,150.4780635844363,149.0868177975749,150.04489337491864,150.04489337491864,2576590,AAPL
2024-05-28,147.79351686630562,148.36619159756134,147.25255875550883,147.8403637597454,147.8403637597454,6594176,AAPL
2024-05-29,147.87556484592176,149.6797430055637,148.20364614645618,148.61116054104653,148.61116054104653,2961977,AAPL
2024-05-30,146.42494423071184,147.09709110161643,145.21821375626746,146.6613284463808,146.6613284463808,8049926,AAPL
2024-05-31,143.0461020193338,144.44121803601254,143.03978702030173,143.62770405549037,143.62770405549037,5032654,AAPL
2024-06-03,146.67015543766772,147.55624840107146,145.5440859525844,146.85713442199747,146.85713442199747,1664468,AAPL
2024-06-04,145.93423692508784,147.40504507338693,146.096480170424,146.4332100815607,146.4332100815607,7500242,AAPL
2024-06-05,146.0972971210748,148.02865759669007,146.34222408760436,146.6547522633539,146.6547522633539,8899963,AAPL
2024-06-06,143.16623784138713,144.64581701384037,143.54918161499717,143.59388825518363,143.59388825518363,7978140,AAPL
2024-06-07,142.15715287078493,142.79941000083628,141.56455423021558,142.4931347176084,142.4931347176084,4037099,AAPL
2024-06-10,142.50740946440482,142.84599687204073,142.27520587300634,142.80146689774853,142.80146689774853,5828426,AAPL
2024-06-11,140.16249560674163,140.77565222512766,139.1937909956747,140.4074140625105,140.4074140625105,9100706,AAPL
2024-06-12,140.61231187419213,142.1095395032223,140.6003812446718,141.26887957790663,141.26887957790663,3042823,AAPL
2024-06-13,139.4850299303162,140.13877115718,138.71062371823956,140.06674069635602,140.06674069635602,2048173,AAPL
2024-06-14,138.85070346210262,140.216474845815,139.26507269276937,139.52392517447856,139.52392517447856,9379341,AAPL
2024-06-17,138.24842720270829,139.1600390866007,137.13279546331583,138.33440011194054,138.33440011194054,7579137,AAPL
2024-06-18,141.72725538459235,142.72252633974097,141.1423878831092,142.2470741844137,142.2470741844137,2912584,AAPL
2024-06-19,141.621819114112,143.3863249491027,141.19245855407559,142.2893986105772,142.2893986105772,4777538,AAPL
2024-06-20,139.9760710238161,140.2523749100426,138.91946065144964,140.10302753010797,140.10302753010797,1225049,AAPL
2024-06-21,141.85451486575357,142.00831631636615,140.82178859191575,141.90169453085016,141.90169453085016,1747419,AAPL
2024-06-24,138.85758371069073,140.38895478904,138.50126002214355,139.37404863779386,139.37404863779386,6438684,AAPL
2024-06-25,139.4786005246224,140.57348331112928,139.69680229053637,139.8803881348456,139.8803881348456,7030489,AAPL
2024-06-26,135.26677311827112,136.7736528101775,135.79435397936027,135.83853706574456,135.83853706574456,6537803,AAPL
2024-06-27,133.10708506262873,133.77936435659794,131.97360265501445,133.200173586775,133.200173586775,3380932,AAPL
2024-06-28,133.12862538160067,133.9894441466849,132.8358874902825,133.66010293542251,133.66010293542251,2654753,AAPL
2024-07-01,135.0711781583042,136.31497342297698,134.1305077289626,135.20748577333856,135.20748577333856,9793380,AAPL
2024-07-02,135.5116663747518,136.7068325815186,134.9695902900358,135.62264363284015,135.62264363284015,1571107,AAPL
2024-07-03,135.34393379588226,136.3961894719696,135.29628704101532,135.4551870678202,135.4551870678202,3086213,AAPL
2024-07-04,134.36164784553313,135.27827786316567,134.74223424106262,134.91112380016122,134.91112380016122,4358509,AAPL
2024-07-05,131.547558003568,132.76556846816837,131.0816894873539,131.9865434128055,131.9865434128055,3779499,AAPL
2024-07-08,130.28575709422054,131.0989212333699,130.06529309011924,130.62739045158574,130.62739045158574,8313834,AAPL
2024-07-09,129.55726027362414,129.9089880240512,129.5298622474335,129.79012353794198,129.79012353794198,9937492,AAPL
2024-07-10,131.3345078437048,133.12313554589966,131.2646014621164,131.9130789647458,131.9130789647458,2999254,AAPL
2024-07-11,132.39864491995405,132.8404538642229,132.57377279988845,132.6589517027118,132.6589517027118,6044842,AAPL
2024-07-12,128.68944250329454,130.44490383314493,128.4650291044342,129.21703529626006,129.21703529626006,5156532,AAPL
2024-07-15,129.62456171587968,130.48920657329376,129.56035256221972,129.90980135959177,129.90980135959177,7592910,AAPL
2024-07-16,128.9808147958344,129.46360367700242,128.1937261241027,129.22436682193182,129.22436682193182,6561112,AAPL
2024-07-17,127.68079522891836,128.67036455134732,127.57966527259731,127.9768567521822,127.9768567521822,6382858,AAPL
2024-07-18,129.02033852512085,130.34302872225166,128.62683836327284,129.2150513124937,129.2150513124937,6017650,AAPL
2024-07-19,130.78724547720432,132.2392186382436,131.26271347244588,131.27796868118702,131.27796868118702,8188238,AAPL
2024-07-22,132.8427009867778,134.25161371880318,133.08097317800028,133.17745610018883,133.17745610018883,8909699,AAPL
2024-07-23,131.4148137029301,132.43431728573313,131.0511777629347,131.56757200537655,131.56757200537655,4617556,AAPL
2024-07-24,130.43379562783613,131.9301633290727,130.39429012852162,131.02312096850787,131.02312096850787,1258517,AAPL
2024-07-25,131.4868115252654,132.8584076931149,130.94921490829196,131.73968005867061,131.73968005867061,7428540,AAPL
2024-07-26,133.3698642992429,134.0672092597305,133.3432698931101,133.7333199426484,133.7333199426484,1705475,AAPL
2024-07-29,132.23688910089876,133.48911022498578,131.91575644594548,132.83896317774915,132.83896317774915,5338843,AAPL
2024-07-30,132.12177317801442,132.8286223801567,131.39547445357215,132.53544146986806,132.53544146986806,1424226,AAPL
2024-07-31,130.32606142235952,131.69022188170234,129.38533680541622,130.40228027770135,130.40228027770135,5117923,AAPL
2024-08-01,127.52556789030652,129.33726149010636,128.07689767191368,128.12766034588904,128.12766034588904,6613201,AAPL
2024-08-02,129.34609361525412,129.80448726550313,129.12985590163322,129.75332966497177,129.75332966497177,7303745,AAPL
2024-08-05,132.2360518240117,133.39244597033843,132.3188679579205,132.45785622278396,132.45785622278396,1698956,AAPL
2024-08-06,132.28882566732528,133.60586362867892,132.0605889179332,132.38101055593228,132.38101055593228,4403096,AAPL
2024-08-07,133.90618808798007,134.68269691882884,133.1134630334438,134.43993154844628,134.43993154844628,7278602,AAPL
2024-08-08,134.81714423306636,136.00449518444375,135.04372047108384,135.23642635101334,135.23642635101334,7143326,AAPL
2024-08-09,133.63798257822754,135.2221013190088,133.32690208852318,133.99538921147024,133.99538921147024,1175211,AAPL
2024-08-12,134.18633368251756,134.8345224443757,133.9555625854556,134.78876707836721,134.78876707836721,8519817,AAPL
2024-08-13,137.42181497571534,138.92801378613797,136.99665074725692,137.96581224963728,137.96581224963728,8412620,AAPL
2024-08-14,137.8560277992461,138.37087826110425,137.1885586452264,137.96065362697973,137.96065362697973,5257950,AAPL
2024-08-15,141.04734185381878,142.57339448229845,141.25371984142132,141.26752287553435,141.26752287553435,9654406,AAPL
2024-08-16,135.61817528675363,137.1054528400189,135.34359148062794,135.78688311567112,135.78688311567112,7048055,AAPL
2024-08-19,137.01725992972084,138.8274689035288,136.81682747944242,137.52883024664007,137.52883024664007,2883376,AAPL
2024-08-20,137.75406686454826,138.43052579650234,137.6561069106696,137.77716688383134,137.77716688383134,4891113,AAPL
2024-08-21,136.83708526199044,138.41107451751685,136.7469509731663,137.22810968290383,137.22810968290383,8020988,AAPL
2024-08-22,136.96147063364975,138.64673996579378,137.43995661098234,137.4856061063503,137.4856061063503,9544291,AAPL
2024-08-23,132.87037153686296,133.88127402358597,133.35054989469978,133.45541715587282,133.45541715587282,5730741,AAPL
2024-08-26,132.85477351447284,134.18553941015116,132.55416379560285,133.08239881301915,133.08239881301915,6605126,AAPL
2024-08-27,133.3121459858999,133.91136007110254,133.68416525228582,133.8618209773717,133.8618209773717,2906039,AAPL
2024-08-28,136.82053035571263,137.71252684603047,136.11931353758493,136.8962557084711,136.8962557084711,2455465,AAPL
2024-08-29,135.3252987509694,136.21304813095557,134.96347895199804,135.90046505142223,135.90046505142223,1211830,AAPL
2024-08-30,134.2346738606387,134.482241231756,133.24494501513036,134.32029543458367,134.32029543458367,6439381,AAPL
2024-09-02,133.11156929943925,133.47915076452173,133.1095598502713,133.3765132673411,133.3765132673411,6987029,AAPL
2024-09-03,134.73532961131025,136.21650051153898,135.04803727344066,135.27459866442442,135.27459866442442,7516616,AAPL
2024-09-04,135.9073602499891,136.47157267680663,135.867089080802,136.0093110800521,136.0093110800521,4329049,AAPL
2024-09-05,134.84179021497567,135.9749409292118,134.13737217163734,134.9965309303124,134.9965309303124,5755976,AAPL
2024-09-06,135.6118640001463,136.19232122113291,135.14183177423027,136.10336903942468,136.10336903942468,9910606,AAPL
2024-09-09,135.87865394042868,136.79956964913293,136.32653554447174,136.3696094468098,136.3696094468098,7897673,AAPL
2024-09-10,137.97546462409616,139.16595987010223,137.1233028325964,138.41920033730688,138.41920033730688,4746169,AAPL
2024-09-11,136.55528415625503,138.11427936751915,136.9595288822992,137.030745519743,137.030745519743,7002296,AAPL
2024-09-12,136.05555608478613,136.86062460671397,135.687296407787,136.4257640690995,136.4257640690995,1075388,AAPL
2024-09-13,135.520737084476,136.54085398384905,134.72943676906868,135.69157213530238,135.69157213530238,7810183,AAPL
2024-09-16,132.551109620301,133.9570249907821,131.62414007168124,132.7806182590366,132.7806182590366,2775767,AAPL
2024-09-17,133.31563498447895,134.25858216435003,132.48393936106956,133.43679407018118,133.43679407018118,8983823,AAPL
2024-09-18,133.41724804362494,134.3382544773407,132.95150383986768,134.02602814613832,134.02602814613832,9373296,AAPL
2024-09-19,133.7121473182618,134.13604346293684,133.64810722243482,134.10332120446967,134.10332120446967,8467866,AAPL
2024-09-20,133.43052301561633,134.8617982082106,132.6090802932381,133.69848915961026,133.69848915961026,6494339,AAPL
2024-09-23,130.6243996470375,130.95469182545824,130.8219526166842,130.92684445699723,130.92684445699723,6877809,AAPL
2024-09-24,129.54968003817476,131.30476734903243,129.00145255728626,130.16620140804676,130.16620140804676,7396567,AAPL
2024-09-25,129.46279412964518,130.24743906020686,128.85266442345852,129.5621368069955,129.5621368069955,9002619,AAPL
2024-09-26,127.69236084808509,129.27038935546096,127.02105167940431,128.06774651571848,128.06774651571848,5021080,AAPL
2024-09-27,127.49862954256304,128.84296821606208,127.24378588231306,127.82194792440261,127.82194792440261,8667857,AAPL
2024-09-30,128.26720719822833,129.9445050012603,127.83252676202378,128.6605574120432,128.6605574120432,5428690,AAPL
2024-10-01,132.3530678549728,132.82927351485375,131.6682804677669,132.36505363223648,132.36505363223648,6439433,AAPL
2024-10-02,132.19886246765464,133.79651234535527,131.80646729938786,132.77785618242987,132.77785618242987,9889782,AAPL
2024-10-03,132.73567652077585,133.89320375369684,133.248340483259,133.35719994160783,133.35719994160783,3881777,AAPL
2024-10-04,132.89836954612082,133.9145140997641,133.1945258426408,133.27496005847368,133.27496005847368,3748996,AAPL
2024-10-07,129.05463379674032,130.318390745748,129.1857223224339,129.50573518229797,129.50573518229797,1195246,AAPL
2024-10-08,128.92157665956162,130.65056027510568,129.3123419194798,129.51898256590042,129.51898256590042,4696176,AAPL
2024-10-09,129.24210946075985,130.97712009291172,128.5700465099002,129.70075638985273,129.70075638985273,9899691,AAPL
2024-10-10,134.45524560021337,135.5916446041815,134.26290256840446,134.55787224545787,134.55787224545787,2012384,AAPL
2024-10-11,133.8501001465164,134.79769311041062,132.92692472165675,134.23689594972015,134.23689594972015,9143478,AAPL
2024-10-14,134.50193282299205,135.4796538575102,134.45668594370468,134.9111960859463,134.9111960859463,1866964,AAPL
2024-10-15,134.62231262319787,135.90346711880335,134.66271421028364,134.90840658845136,134.90840658845136,9437712,AAPL
2024-10-16,132.12259077351524,132.9275379199641,131.5636671680968,132.61089341369305,132.61089341369305,1863663,AAPL
2024-10-17,134.3199938840088,135.09954550114307,134.06153100283495,134.9504601770957,134.9504601770957,6783182,AAPL
2024-10-18,135.90815522525264,137.0242422785117,135.8598044032365,136.54004103893584,136.54004103893584,7980571,AAPL
2024-10-21,137.9168299980352,138.62547000863933,137.4607537927809,138.22842407714083,138.22842407714083,6334538,AAPL
2024-10-22,136.33475523180985,136.81619017263813,135.43091290739986,136.4119903679024,136.4119903679024,7349449,AAPL
2024-10-23,138.66437493195102,139.67609954645553,139.0322128488639,139.3505658235598,139.3505658235598,2206861,AAPL
2024-10-24,135.9175039833221,136.54746302321894,135.13011376256162,136.49001002446462,136.49001002446462,4119612,AAPL
2024-10-25,137.67388948537217,137.78438007776583,136.4168842973968,137.75975698871278,137.75975698871278,3891005,AAPL
2024-10-28,141.69955421947273,143.76105846125725,141.42921534552372,142.35498638779927,142.35498638779927,5936600,AAPL
2024-10-29,139.70076675761626,140.91126006796188,140.03106700246693,140.31104710478417,140.31104710478417,5736319,AAPL
2024-10-30,138.82825159584854,139.72427692237602,138.24253004853287,139.18933521713217,139.18933521713217,1257681,AAPL
2024-10-31,139.05466897906405,140.41486957420085,139.36629304870252,139.46698599364115,139.46698599364115,9482626,AAPL
2024-11-01,138.20716965963703,138.7856915115855,138.44099736528466,138.4834460066265,138.4834460066265,6629481,AAPL
2024-11-04,135.2945146040224,136.6171668765214,134.9828431993258,135.3315694966724,135.3315694966724,3054780,AAPL
2024-11-05,135.31125578985404,136.60421588551077,134.91138447723495,135.53841630626863,135.53841630626863,8991208,AAPL
2024-11-06,132.9107513924223,133.56575687001146,132.2877623122487,133.4464410695012,133.4464410695012,5423408,AAPL
2024-11-07,134.4580385200601,135.02263658021127,133.48339274285735,134.46115265582173,134.46115265582173,1842186,AAPL
2024-11-08,132.45274728425701,133.8403418502315,131.68860229159537,132.67398059742806,132.67398059742806,6352727,AAPL
2024-11-11,135.55445106587123,137.10803801461736,135.24693138194095,135.82485709540552,135.82485709540552,8116355,AAPL
2024-11-12,133.93613746545358,134.92469668972075,133.83241024226868,134.2969905264371,134.2969905264371,8226585,AAPL
2024-11-13,133.1003665084306,134.53558588710268,133.21922481581467,133.71536063583827,133.71536063583827,6538917,AAPL
2024-11-14,135.17941420330914,135.64010174272698,134.0764996015472,135.4139145377169,135.4139145377169,2124905,AAPL
2024-11-15,132.75078741474363,134.29954986474235,132.92814136866775,132.98147916468906,132.98147916468906,4105958,AAPL
2024-11-18,133.00940097023346,133.81097491752342,132.34418758865124,133.5016892825868,133.5016892825868,6559277,AAPL
2024-11-19,135.87809779201277,137.46989555950978,135.39795156875005,136.18602661468105,136.18602661468105,4258084,AAPL
2024-11-20,132.82103937936716,133.83420585139487,132.38713977116052,132.97036830951927,132.97036830951927,9593059,AAPL
2024-11-21,133.10332724563614,134.21586795228419,132.4375851532423,133.40511597624572,133.40511597624572,2980290,AAPL
2024-11-22,133.89749547528314,134.67882484100056,133.33976716296294,133.991863948838,133.991863948838,1403322,AAPL
2024-11-25,135.51061140245415,135.9430864313937,134.44560250577362,135.63022843882152,135.63022843882152,5310796,AAPL
2024-11-26,132.84965804100764,133.41662766575448,131.98195646312135,133.18152494078157,133.18152494078157,6181057,AAPL
2024-11-27,130.33662961976876,130.89818682221636,130.05939873767298,130.6102093230214,130.6102093230214,8017403,AAPL
2024-11-28,131.09566065111986,131.94361349246282,131.33350099676773,131.69807788477704,131.69807788477704,5077716,AAPL
2024-11-29,132.1107963121998,133.38239640168277,131.5666323005023,132.35061158311018,132.35061158311018,7941447,AAPL
2024-12-02,132.52823828548665,133.3794458854911,131.7014207698485,132.91408011800883,132.91408011800883,6037285,AAPL
2024-12-03,133.24867703040997,133.74857386576713,133.38966004267016,133.67125483417516,133.67125483417516,2908802,AAPL
2024-12-04,132.3659272269386,133.65743976681878,131.54994460748512,132.3745940938174,132.3745940938174,8334901,AAPL
2024-12-05,132.4610216752297,134.07651738785717,132.0625928843217,132.90194872419144,132.90194872419144,2548075,AAPL
2024-12-06,133.43376236654788,134.7916859841578,132.57355638480172,133.55264824083577,133.55264824083577,1493948,AAPL
2024-12-09,131.55316010834957,133.5035241609494,132.0144545295094,132.18837171017591,132.18837171017591,5168962,AAPL
2024-12-10,135.85291487400676,136.19038881237185,134.9807788479792,135.95397131512962,135.95397131512962,7520645,AAPL
2024-12-11,136.70424716535533,137.53104527992122,135.74297265694102,136.98824031085428,136.98824031085428,7689921,AAPL
2024-12-12,134.55137179585927,135.62947171836734,134.3669465794454,134.60881588464034,134.60881588464034,9383190,AAPL
2024-12-13,135.32390544238,136.9483893412449,135.67872567873738,136.00178884992744,136.00178884992744,8228161,AAPL
2024-12-16,133.74473790080725,134.2877587894447,132.77895271595477,134.08141298370015,134.08141298370015,1780641,AAPL
2024-12-17,135.32739255409072,136.83879709763323,135.48581227630888,135.73145492730455,135.73145492730455,5466134,AAPL
2024-12-18,138.11185278586223,138.46827163748654,136.97778564018932,138.15818860893347,138.15818860893347,2554205,AAPL
2024-12-19,136.01456054465697,136.83207833906377,135.85441819844004,136.52650796533516,136.52650796533516,7606963,AAPL
2024-12-20,138.42223625953747,139.31173983072,138.22508456940625,138.56766690106116,138.56766690106116,7651143,AAPL
2024-12-23,138.8685520186493,140.32204318442862,138.28027018798505,139.4949220843144,139.4949220843144,3551331,AAPL
2024-12-24,141.1398522824867,142.10434126673198,140.6556193192644,141.2847678148623,141.2847678148623,4127748,AAPL
2024-12-25,145.23662318516597,145.50822874084335,144.62681263098452,145.3752295409766,145.3752295409766,5001070,AAPL
2024-12-26,144.88633427377485,146.18437010318632,144.39224165572514,144.9128168503889,144.9128168503889,8365624,AAPL
2024-12-27,143.0085361724615,143.72761217948866,142.49690623567375,143.3468827977283,143.3468827977283,3883791,AAPL
2024-12-30,141.10627760930333,141.6891907089296,141.27452346938395,141.5059194287709,141.5059194287709,4496605,AAPL
2024-12-31,139.79909748427573,141.08791275277525,139.2981344800669,139.8450426216831,139.8450426216831,5948600,AAPL
2025-01-01,139.21131831550102,141.08878460903975,138.39844572550413,139.75323076540565,139.75323076540565,7416438,AAPL
2025-01-02,140.21974161168498,141.74988292526186,140.1754874962752,140.5382637407277,140.5382637407277,6311499,AAPL
2025-01-03,140.82161946442645,142.33478799974824,140.26455910744008,141.19181754056117,141.19181754056117,1308623,AAPL
2025-01-06,142.69910919704625,143.95137568536632,142.54921779624917,143.01428604488902,143.01428604488902,4647371,AAPL
2025-01-07,142.82691163984055,143.90203731452382,142.0067391392701,143.11368503217375,143.11368503217375,4296903,AAPL
2025-01-08,145.89615871063867,146.4328176047298,146.11407571559798,146.30555114621717,146.30555114621717,6998223,AAPL
2025-01-09,145.68472396060642,146.39340864037655,144.3839138196209,145.7978924640179,145.7978924640179,2147116,AAPL
2025-01-10,151.68161399980409,152.38553003056526,151.130773394591,151.81971538476546,151.81971538476546,4772763,AAPL
2025-01-13,152.65980800554019,153.71871050508594,152.958541178393,153.3204548224062,153.3204548224062,7478450,AAPL
2025-01-14,150.70948671367373,152.52126308031947,151.31452520271992,151.4258182537543,151.4258182537543,1310375,AAPL
2025-01-15,148.79087511564282,149.8083171636195,148.81606295665406,149.06911957117052,149.06911957117052,3126453,AAPL
2025-01-16,150.01912052181393,150.34422983896866,149.4416628863497,150.22248020332125,150.22248020332125,2271300,AAPL
2025-01-17,149.3117179225683,150.1238757811381,149.28924371419734,149.79405443575104,149.79405443575104,6238631,AAPL
2025-01-20,151.16368543608849,152.5082011301744,150.21771034887215,151.47324689615667,151.47324689615667,4842411,AAPL
2025-01-21,152.604853248386,152.74042024794855,151.96658736441293,152.62422611281843,152.62422611281843,7310208,AAPL
2025-01-22,152.41471362912,153.8321846855445,152.15443303239476,152.53380637938145,152.53380637938145,7127764,AAPL
2025-01-23,150.13321624917916,151.41865340918358,149.74273482991939,150.6726032470443,150.6726032470443,6859046,AAPL
2025-01-24,146.83887254819314,148.0322704959832,146.28299569227096,147.32424992569312,147.32424992569312,7034207,AAPL
2025-01-27,146.39133906426767,147.2785260421395,146.16660682490692,146.41117484474776,146.41117484474776,8940879,AAPL
2025-01-28,148.2005110422892,149.58871510071717,148.11648719154397,148.36517573635803,148.36517573635803,4341861,AAPL
2025-01-29,148.74376570069504,149.43376209487985,148.86120960798803,148.91581916380517,148.91581916380517,8359201,AAPL
2025-01-30,145.71644470511725,147.19893521934947,145.13094802427233,146.20762391294687,146.20762391294687,3615804,AAPL
2025-01-31,146.6460795101461,147.49023881548453,145.68699403975958,146.66053330003953,146.66053330003953,5312717,AAPL
2025-02-03,147.50470383552315,147.9756107496109,146.88105886172886,147.58152635270164,147.58152635270164,2982243,AAPL
2025-02-04,145.11596799775492,146.97885415581752,144.46875628912994,145.69870167318678,145.69870167318678,4413654,AAPL
2025-02-05,145.97708066550973,147.27261358743277,144.93036961576217,146.1075142492859,146.1075142492859,6986417,AAPL
2025-02-06,145.83062863249626,147.2715075991349,145.45171789685642,146.30813897380727,146.30813897380727,8863020,AAPL
2025-02-07,143.70156494225319,145.09666183025112,142.62369806945827,143.87290518562511,143.87290518562511,4270209,AAPL
2025-02-10,144.64502595244164,145.97210222024793,144.41909305953754,144.716980242798,144.716980242798,9604008,AAPL
2025-02-11,145.8291405788723,147.04092153527634,145.84325427819206,146.00666438126288,146.00666438126288,8323988,AAPL
2025-02-12,147.91554958550407,149.69421836934794,148.0512104327077,148.45165820400354,148.45165820400354,4324664,AAPL
2025-02-13,150.22695879101457,151.92475634342043,150.78633561737456,150.87246396375596,150.87246396375596,9210880,AAPL
2025-02-14,147.2164571260001,148.83556749710607,147.04488609262955,147.8301146146717,147.8301146146717,4594058,AAPL
2025-02-17,145.53485258023423,146.72653455197445,144.45864784486935,145.8244479248916,145.8244479248916,5584258,AAPL
2025-02-18,146.53280863578019,148.13060474530064,146.96608673124734,147.02393115139233,147.02393115139233,9117654,AAPL
2025-02-19,148.07860092185356,148.46562675222853,148.04952140375863,148.23052557107007,148.23052557107007,5212377,AAPL
2025-02-20,149.23077328353497,150.7662875040245,148.77401700387946,149.44982767238525,149.44982767238525,1233782,AAPL
2025-02-21,157.4525747913333,159.54032340575483,156.68437361225864,158.16140344641624,158.16140344641624,7906117,AAPL
2025-02-24,159.58450161201634,159.64155397925197,159.0903078676442,159.59487681392156,159.59487681392156,7112674,AAPL
2025-02-25,162.3237011388911,163.7342008078413,161.56941664120333,162.39313112920968,162.39313112920968,5809109,AAPL
2025-02-26,164.62688131683953,165.0105528901177,164.7296663827895,164.79817769692104,164.79817769692104,4735466,AAPL
2025-02-27,166.46871131451454,167.0487402087321,166.24382037422492,166.49079815351317,166.49079815351317,2583246,AAPL
2025-02-28,165.63630421782324,167.01933994815857,164.15100058691402,165.78670212998853,165.78670212998853,1726331,AAPL
2025-03-03,167.26795402501082,168.02668652199532,166.1379463654956,167.75700054230973,167.75700054230973,2794291,AAPL
2025-03-04,165.5466128355528,167.25315246114928,165.88798120407932,165.89617644356653,165.89617644356653,7353385,AAPL
2025-03-05,164.65162096545143,166.76608018882516,163.8156152600886,165.38981501125542,165.38981501125542,5952075,AAPL
2025-03-06,163.59699638986626,165.10200622002,163.2185250304844,164.26839710793112,164.26839710793112,4898606,AAPL
2025-03-07,164.27103720313167,164.5627794080619,163.1240920443515,164.55227131110883,164.55227131110883,3878117,AAPL
2025-03-10,170.126821280776,170.83674540785984,169.57314305423364,170.34778231360198,170.34778231360198,5481617,AAPL
2025-03-11,165.3471865084512,166.68370048900326,164.80754384748403,165.661688936518,165.661688936518,8374626,AAPL
2025-03-12,166.95560118934802,169.092819652944,166.63125237008134,167.44982511379632,167.44982511379632,6287913,AAPL
2025-03-13,163.26369617429003,164.515721708095,162.3926067059366,163.48281516751894,163.48281516751894,4733149,AAPL
2025-03-14,161.9004337389072,162.8292052165285,162.18046154146276,162.40726532530496,162.40726532530496,6316741,AAPL
2025-03-17,164.80321748227448,166.1882763640088,165.09177251851932,165.14127128588507,165.14127128588507,3804802,AAPL
2025-03-18,164.9265748915686,166.2761155875147,164.87380718810928,165.3830711826036,165.3830711826036,5157263,AAPL
2025-03-19,162.43716171808524,164.06167869622743,161.64498662276202,162.79215159832046,162.79215159832046,5488198,AAPL
2025-03-20,160.88962850957404,161.2992347703608,160.80162009630584,161.12686022596927,161.12686022596927,3733460,AAPL
2025-03-21,162.07766758221754,164.08927895254058,161.7532610784512,162.84994542861946,162.84994542861946,8084609,AAPL
2025-03-24,160.53200297211967,162.0195042132076,159.58428114613588,161.14726790956348,161.14726790956348,7216538,AAPL
2025-03-25,161.63774991987472,163.30871704169599,161.5991817885223,161.75106719841864,161.75106719841864,5115362,AAPL
2025-03-26,161.23930270945542,162.49614851208136,160.85328337114956,161.94251213809738,161.94251213809738,2252557,AAPL
2025-03-27,160.04963752907324,161.45563915424918,159.72870067135722,160.4406564361463,160.4406564361463,2490687,AAPL
2025-03-28,164.93946435766395,167.224702673396,164.24217117329613,165.68051372017064,165.68051372017064,5057025,AAPL
2025-03-31,166.66954042494754,167.51031293862718,167.0423341296082,167.33877441615024,167.33877441615024,6272864,AAPL
2025-04-01,161.99402658804655,163.86065957937302,161.21476739993315,162.33917062631977,162.33917062631977,4788963,AAPL
2025-04-02,162.85607442142467,163.99476234965982,161.5092977726191,162.87437279392344,162.87437279392344,4874910,AAPL
2025-04-03,161.12224848187762,161.44843677515973,159.81495811666653,161.33898914973054,161.33898914973054,4368045,AAPL
2025-04-04,163.03988073113172,163.97464275599316,162.3656278573727,163.48261963260876,163.48261963260876,6185773,AAPL
2025-04-07,161.10899381276295,162.7654646231354,160.81737206584495,161.62091044594283,161.62091044594283,5832691,AAPL
2025-04-08,161.2154180330107,161.53228352031527,160.42621274535344,161.42356377919768,161.42356377919768,1968616,AAPL
2025-04-09,162.61364325561456,163.67437694385126,161.31308499503152,162.72702825463008,162.72702825463008,5217733,AAPL
2025-04-10,164.23312808872964,165.49205425292138,163.98055948947064,164.9216183179071,164.9216183179071,8914520,AAPL
2025-04-11,161.2372198989588,163.0408556871393,161.98551914011423,162.03475673837394,162.03475673837394,2490036,AAPL
2025-04-14,160.87878532999514,161.3765448848775,159.80111576501147,161.3027617210705,161.3027617210705,3869729,AAPL
2025-04-15,160.09671872716703,161.63076382684108,159.12940513717652,160.23426324658004,160.23426324658004,8585159,AAPL
2025-04-16,158.5279585548114,160.28945070335604,157.67016940650342,158.74409445461978,158.74409445461978,8179156,AAPL
2025-04-17,163.0123071104328,164.60683341056986,162.67568864850568,163.02729802196444,163.02729802196444,9944718,AAPL
2025-04-18,163.34897946168002,165.3293301244591,163.01793227486806,164.0991577822696,164.0991577822696,8904428,AAPL
2025-04-21,160.98272215256003,161.28709717481092,160.44313027240727,161.07755743664734,161.07755743664734,5202271,AAPL
2025-04-22,162.9048564190032,164.61461918997716,162.31184353263885,163.37580062280009,163.37580062280009,5042879,AAPL
2025-04-23,168.4270148434642,168.69959087092766,168.47834523490712,168.65812303911508,168.65812303911508,3322523,AAPL
2025-04-24,170.87965254162853,171.39236658641772,170.22720964593856,171.35445689484936,171.35445689484936,5746771,AAPL
2025-04-25,166.98919373666504,168.0770318593064,165.86050538806768,167.53487189322084,167.53487189322084,9640145,AAPL
2025-04-28,165.7113954963758,167.21485873867576,166.32152225333175,166.40174792870778,166.40174792870778,2756124,AAPL
2025-04-29,169.47209830222508,170.9541668012794,167.98944368119268,169.6471922480974,169.6471922480974,1841531,AAPL
2025-04-30,167.92197106227673,169.07866992727338,167.24787833929014,167.9312037759924,167.9312037759924,1864645,AAPL
2025-05-01,169.01737686062967,169.8873055726182,167.66040371995018,169.13313634029694,169.13313634029694,2428127,AAPL
2025-05-02,170.41260799476336,171.65134940475636,169.8436366828765,171.1829472130546,171.1829472130546,6130076,AAPL
2025-05-05,168.15046877186722,170.57244613403205,167.9307935419731,168.8884183368663,168.8884183368663,9859690,AAPL
2024-05-06,14967.697970720068,14998.321038846092,14917.558950919918,14995.57119659073,14995.57119659073,835965600,^IXIC
2024-05-07,14485.712214851761,14516.481155074078,14509.132092590491,14514.023316297807,14514.023316297807,769344701,^IXIC
2024-05-08,14363.144008650377,14453.356307629212,14278.877365468934,14369.697662180164,14369.697662180164,550672855,^IXIC
2024-05-09,14335.076451272362,14365.121772427772,14252.178674241515,14337.715291732662,14337.715291732662,784428694,^IXIC
2024-05-10,14129.938962508702,14214.476263018527,14096.905653869553,14163.113006231939,14163.113006231939,549566094,^IXIC
2024-05-13,14378.700802835448,14428.670729095966,14338.771434116126,14398.56219783615,14398.56219783615,954215578,^IXIC
2024-05-14,14194.484723094267,14290.445482959376,14108.286078245876,14196.96197067285,14196.96197067285,548427722,^IXIC
2024-05-15,14096.54961804639,14164.41103175055,14120.405753753794,14138.748110833638,14138.748110833638,687839167,^IXIC
2024-05-16,14159.020042289778,14204.066835100402,14153.646577556685,14161.47481616802,14161.47481616802,982187762,^IXIC
2024-05-17,14339.866200704111,14457.615702568657,14345.736771492993,14369.828812476124,14369.828812476124,831910897,^IXIC
2024-05-20,14125.999103128413,14251.307304753593,14089.006795951636,14167.808828012243,14167.808828012243,932573904,^IXIC
2024-05-21,14326.566716730176,14355.530749404297,14333.37454956036,14336.853987422697,14336.853987422697,996400050,^IXIC
2024-05-22,14336.501455800419,14423.206210589748,14284.10929511151,14342.622142635746,14342.622142635746,583548084,^IXIC
2024-05-23,14200.977613879602,14251.714356381815,14107.161503529047,14206.150852161449,14206.150852161449,954147021,^IXIC
2024-05-24,14263.071091623633,14324.324061607567,14190.548033736017,14276.059814064016,14276.059814064016,847803354,^IXIC
2024-05-27,14304.422992282156,14322.130043924271,14256.531822817791,14308.760513214,14308.760513214,639948113,^IXIC
2024-05-28,14197.627055571313,14235.196665668549,14220.831535810106,14227.16954585542,14227.16954585542,794015579,^IXIC
2024-05-29,14238.707196331372,14313.936521404985,14158.489281304923,14241.368557697248,14241.368557697248,832941234,^IXIC
2024-05-30,14169.079766597553,14240.083190730886,14131.267287536883,14190.767038832553,14190.767038832553,938589102,^IXIC
2024-05-31,14168.64067555473,14254.590255776946,14199.699954004456,14211.133250957475,14211.133250957475,562396414,^IXIC
2024-06-03,14274.550358096902,14382.565112926186,14300.091512352916,14309.492863384412,14309.492863384412,892589038,^IXIC
2024-06-04,14513.899442817026,14618.654524757225,14448.15016598827,14540.736674361824,14540.736674361824,815804419,^IXIC
2024-06-05,14351.913301024615,14381.090537885386,14297.819448868353,14365.111403165283,14365.111403165283,743049350,^IXIC
2024-06-06,14648.364982771107,14738.522496205027,14590.64023185706,14675.8335571223,14675.8335571223,848094828,^IXIC
2024-06-07,14370.992839809465,14407.388921685515,14305.188525940095,14393.751150842625,14393.751150842625,935867810,^IXIC
2024-06-10,14357.84529974654,14451.83525107918,14318.682224630229,14376.221707324385,14376.221707324385,824160559,^IXIC
2024-06-11,14459.44013892473,14531.632870838343,14412.717922455065,14465.112359783141,14465.112359783141,969286216,^IXIC
2024-06-12,14471.503541573224,14607.26168405835,14466.378876496774,14510.097682880802,14510.097682880802,755428423,^IXIC
2024-06-13,14404.63319218251,14431.059003118946,14392.094726629255,14424.096403588868,14424.096403588868,946513267,^IXIC
2024-06-14,14389.997117893974,14404.154356909263,14354.60146130229,14398.403878481093,14398.403878481093,513605804,^IXIC
2024-06-17,14315.927240705243,14360.048754738094,14254.101844518815,14331.739133947773,14331.739133947773,775521360,^IXIC
2024-06-18,14233.866435676862,14277.680458736333,14191.523948528285,14251.572436175287,14251.572436175287,565276240,^IXIC
2024-06-19,14341.23720406862,14401.785143772544,14287.107354851349,14376.929566182356,14376.929566182356,916478064,^IXIC
2024-06-20,14400.806686185939,14524.12759194349,14387.77671676797,14432.570510009768,14432.570510009768,708026336,^IXIC
2024-06-21,14303.80728338683,14361.93963998514,14275.969155821751,14336.895615256155,14336.895615256155,577696863,^IXIC
2024-06-24,14469.692506176138,14497.717493041513,14406.225479633718,14470.171379036568,14470.171379036568,995563591,^IXIC
2024-06-25,14500.852804040163,14596.159010792155,14458.843326231756,14518.979197768083,14518.979197768083,768253330,^IXIC
2024-06-26,14620.211582857915,14687.447775702842,14569.341603986279,14641.354173468177,14641.354173468177,765854526,^IXIC
2024-06-27,14737.084204988083,14818.062524227185,14713.437818987351,14737.932768444558,14737.932768444558,536355877,^IXIC
2024-06-28,14608.78187528719,14626.867074658037,14567.74147558926,14620.177420911636,14620.177420911636,525974082,^IXIC
2024-07-01,14509.494093834164,14592.298100544082,14532.054068159961,14542.664012182806,14542.664012182806,814902970,^IXIC
2024-07-02,14649.674892101122,14659.151626200704,14616.256222273321,14655.703209564066,14655.703209564066,632242244,^IXIC
2024-07-03,14725.867218076446,14756.02272275084,14699.203872854707,14749.553975108292,14749.553975108292,544807180,^IXIC
2024-07-04,14741.372688150685,14844.491301329992,14683.549704099736,14750.895949417423,14750.895949417423,914606254,^IXIC
2024-07-05,14772.09089134752,14787.027198968955,14674.335166549366,14772.628058434302,14772.628058434302,506839789,^IXIC
2024-07-08,14954.975208139667,15021.581256749487,14902.87994457204,14965.804529739837,14965.804529739837,911223740,^IXIC
2024-07-09,14838.192693860703,14924.585638512213,14804.298945563685,14881.760853391721,14881.760853391721,720686622,^IXIC
2024-07-10,14931.651741269085,15004.035482146392,14914.5998376838,14967.643105548636,14967.643105548636,968279286,^IXIC
2024-07-11,14898.856315674042,15035.986273509343,14875.547024193127,14941.869923878352,14941.869923878352,582102991,^IXIC
2024-07-12,14891.9995304138,14916.10513514496,14906.421747097693,14913.82684262057,14913.82684262057,554101105,^IXIC
2024-07-15,15077.205487534866,15152.250393106342,15055.313227094628,15082.170667765524,15082.170667765524,937414367,^IXIC
2024-07-16,15186.180680282894,15313.766625095765,15172.656518447633,15211.18602143987,15211.18602143987,733033749,^IXIC
2024-07-17,15318.584086305395,15399.642716082755,15288.759178916516,15339.493841280695,15339.493841280695,769389148,^IXIC
2024-07-18,15504.974585787373,15646.285601241825,15539.382470265666,15544.349530655742,15544.349530655742,631208917,^IXIC
2024-07-19,15547.701523457978,15557.966849444741,15537.033890479157,15552.277746073203,15552.277746073203,919648170,^IXIC
2024-07-22,15640.060682921983,15708.919575654443,15632.65244693576,15663.002649590417,15663.002649590417,790049589,^IXIC
2024-07-23,15612.073582775409,15647.54848207124,15512.883165980304,15619.104460079261,15619.104460079261,616935561,^IXIC
2024-07-24,15659.154750092186,15754.608446489361,15638.066362744015,15674.422072636884,15674.422072636884,540523561,^IXIC
2024-07-25,15624.087012010496,15766.28625816617,15605.88818827701,15658.725227618863,15658.725227618863,532401727,^IXIC
2024-07-26,15656.221267336756,15706.765422556851,15657.089398292403,15678.611176827237,15678.611176827237,712152445,^IXIC
2024-07-29,15758.836368153954,15848.871797384021,15709.174770070998,15776.627116090109,15776.627116090109,583624212,^IXIC
2024-07-30,15633.749127449557,15673.977224920942,15621.519166859578,15652.272478044466,15652.272478044466,966929615,^IXIC
2024-07-31,15962.442272264603,16047.729866019738,15961.313644596401,15984.4743174741,15984.4743174741,799779275,^IXIC
2024-08-01,15791.18625367429,15879.866437421166,15771.22721438863,15828.463069794196,15828.463069794196,733806017,^IXIC
2024-08-02,15599.164857884323,15747.446324810791,15640.421398176539,15641.024212542381,15641.024212542381,858231720,^IXIC
2024-08-05,15781.497085750787,15894.274440484824,15826.007839101083,15826.856921938373,15826.856921938373,623522711,^IXIC
2024-08-06,15919.230684250097,15995.939569230244,15932.430686871714,15956.90030089283,15956.90030089283,964076322,^IXIC
2024-08-07,16046.080034868788,16074.105216425178,16057.149003982773,16061.277547948224,16061.277547948224,868100023,^IXIC
2024-08-08,16133.64099249448,16184.132716978309,16154.791068560422,16167.016247415615,16167.016247415615,622742045,^IXIC
2024-08-09,16148.658436102034,16195.389858685978,16131.531047062757,16169.886414533896,16169.886414533896,854111544,^IXIC
2024-08-12,16017.405523120535,16057.812726099799,15939.596181666624,16029.652367739558,16029.652367739558,686375901,^IXIC
2024-08-13,16006.13304948945,16142.159014297402,15982.35637034585,16046.612470607235,16046.612470607235,538067502,^IXIC
2024-08-14,15940.927071955863,16005.39703964556,15885.551551376662,15942.76493870274,15942.76493870274,996266402,^IXIC
2024-08-15,16059.445571228463,16162.005994371477,16069.92644340316,16103.008815154046,16103.008815154046,824918641,^IXIC
2024-08-16,16061.891623868427,16097.080780219672,15979.253729529859,16084.159054691967,16084.159054691967,722570759,^IXIC
2024-08-19,15925.70805851668,16052.282007441312,15911.866032629898,15956.210020284245,15956.210020284245,837023088,^IXIC
2024-08-20,15878.24548271398,15990.21427482436,15900.016535194169,15909.71588342072,15909.71588342072,885740263,^IXIC
2024-08-21,15937.272578022486,15987.754489956105,15911.159159676601,15980.185019354276,15980.185019354276,691638854,^IXIC
2024-08-22,15864.535455368992,15973.651599405413,15882.228703264393,15894.89484832248,15894.89484832248,509953821,^IXIC
2024-08-23,15739.928944496914,15828.969522940888,15730.865550369203,15768.97224948023,15768.97224948023,561483654,^IXIC
2024-08-26,15808.968177738443,15821.175672397923,15755.967065460842,15812.129909910762,15812.129909910762,689674050,^IXIC
2024-08-27,15830.948958232262,15906.47442851104,15758.578673864224,15855.607981343303,15855.607981343303,984770880,^IXIC
2024-08-28,15772.876747087716,15833.525244660634,15725.468635160121,15779.985741162687,15779.985741162687,894202403,^IXIC
2024-08-29,15675.633843195463,15728.620638122213,15633.160645955584,15710.389959423048,15710.389959423048,861398296,^IXIC
2024-08-30,15727.354145009356,15855.832567756244,15642.090135176582,15751.559026470355,15751.559026470355,533957412,^IXIC
2024-09-02,15496.500518564602,15620.57867969474,15513.896119374263,15528.18863437427,15528.18863437427,995966208,^IXIC
2024-09-03,15312.378888031304,15386.012691960217,15284.84222668512,15314.293461118907,15314.293461118907,796479630,^IXIC
2024-09-04,15204.994322269997,15258.08002202974,15166.855718166093,15208.863092760195,15208.863092760195,576666404,^IXIC
2024-09-05,15148.339430344784,15224.719848384577,15136.136561207362,15180.962866608772,15180.962866608772,524334476,^IXIC
2024-09-06,15229.421796914547,15302.128574816486,15188.88914662214,15232.715917551666,15232.715917551666,514722791,^IXIC
2024-09-09,15458.717234231382,15521.056912690452,15363.788041086651,15462.022553626795,15462.022553626795,766678919,^IXIC
2024-09-10,15598.706034544772,15606.07259088278,15521.303955277688,15599.272684765729,15599.272684765729,581272708,^IXIC
2024-09-11,15534.299204064457,15634.89318205928,15512.709318143337,15579.003219154156,15579.003219154156,808922555,^IXIC
2024-09-12,15546.241663163893,15668.664795549588,15546.972648790994,15580.714384478582,15580.714384478582,644055423,^IXIC
2024-09-13,15412.836215366315,15478.78724867758,15340.214448573786,15429.187361869182,15429.187361869182,754189768,^IXIC
2024-09-16,15417.232205832957,15436.571870616604,15327.79718984831,15430.959691638916,15430.959691638916,569217406,^IXIC
2024-09-17,15374.899285651874,15475.757689874847,15302.572476492904,15391.046181328209,15391.046181328209,540476928,^IXIC
2024-09-18,15409.438911994594,15467.104172888005,15445.164042841101,15445.333257839962,15445.333257839962,911979427,^IXIC
2024-09-19,15291.797326852009,15349.936759757351,15253.940805908485,15322.198281773684,15322.198281773684,822269730,^IXIC
2024-09-20,15397.81066948142,15424.132933377281,15400.855569606296,15406.37024393973,15406.37024393973,987925953,^IXIC
2024-09-23,15638.958651781626,15683.300016826997,15618.915888303083,15647.131586823027,15647.131586823027,948412350,^IXIC
2024-09-24,15630.1926915167,15717.629533601003,15628.293281976492,15634.807882756004,15634.807882756004,880554343,^IXIC
2024-09-25,15671.200356663503,15759.394068022311,15635.938317829252,15702.305181113512,15702.305181113512,603509526,^IXIC
2024-09-26,15779.117846028299,15838.066321168244,15739.373604641687,15815.384388435445,15815.384388435445,983732744,^IXIC
2024-09-27,15744.145693027247,15853.496223187536,15744.046832792164,15756.674443878135,15756.674443878135,921548833,^IXIC
2024-09-30,15795.718384536385,15893.972471377241,15754.267225764435,15796.710969023374,15796.710969023374,833501357,^IXIC
2024-10-01,15799.54338262488,15899.746099734724,15752.968426062838,15803.439167469642,15803.439167469642,630285517,^IXIC
2024-10-02,15777.671244326531,15850.0667195319,15782.738107948375,15823.616382035205,15823.616382035205,639771263,^IXIC
2024-10-03,15692.124556923935,15755.65566342552,15692.739595122202,15706.045364156926,15706.045364156926,768033283,^IXIC
2024-10-04,15678.342639024482,15822.957832594879,15668.521558432974,15714.606756854118,15714.606756854118,637896349,^IXIC
2024-10-07,15767.975094627163,15882.951111898032,15714.512046914935,15797.57961200625,15797.57961200625,605220062,^IXIC
2024-10-08,16013.195182765498,16034.61320646653,16023.595904961649,16031.56445261581,16031.56445261581,783510117,^IXIC
2024-10-09,16180.169713629502,16197.54975208677,16181.073151889092,16190.160042710582,16190.160042710582,741108042,^IXIC
2024-10-10,16537.596263997704,16597.346509956547,16502.536364604155,16543.620776606083,16543.620776606083,924430946,^IXIC
2024-10-11,16391.33823324583,16526.152979888557,16313.384048839105,16421.636791996338,16421.636791996338,711013191,^IXIC
2024-10-14,16531.305999899,16632.295924569775,16492.265745352845,16569.812609657838,16569.812609657838,976733186,^IXIC
2024-10-15,16573.086575005233,16663.0267850329,16526.277003544048,16605.162980226367,16605.162980226367,530450573,^IXIC
2024-10-16,16946.76120395936,16986.29687561202,16930.762861330375,16973.764875127006,16973.764875127006,750118331,^IXIC
2024-10-17,16839.538769625957,16919.087217106637,16771.670728577184,16841.658354143678,16841.658354143678,830887116,^IXIC
2024-10-18,16656.75111667573,16801.4220569736,16704.103057452427,16705.287767864713,16705.287767864713,812192684,^IXIC
2024-10-21,16570.368754585335,16654.400972458116,16536.20944770512,16610.169087914233,16610.169087914233,812485855,^IXIC
2024-10-22,16248.083527134524,16350.662472964044,16158.403999181934,16262.369467581766,16262.369467581766,810596897,^IXIC
2024-10-23,16134.175055684813,16290.996381150571,16112.360388024212,16181.74795430195,16181.74795430195,526150956,^IXIC
2024-10-24,16034.756097754547,16086.674335428563,15965.517343684809,16063.761544756839,16063.761544756839,844092220,^IXIC
2024-10-25,16064.62124397905,16151.692224715507,16011.184603584288,16092.739572457935,16092.739572457935,933539154,^IXIC
2024-10-28,16116.315390859685,16185.031395798198,16138.933999636327,16152.565293484806,16152.565293484806,596965754,^IXIC
2024-10-29,16420.37446860973,16551.816026391876,16356.477201983715,16460.46078289452,16460.46078289452,712882959,^IXIC
2024-10-30,16589.107411126904,16689.04772826382,16614.112130210993,16621.84306428528,16621.84306428528,743733569,^IXIC
2024-10-31,16524.584968559404,16604.36929334066,16469.1487161559,16530.937596928237,16530.937596928237,830120103,^IXIC
2024-11-01,16370.750554520853,16478.910570158016,16371.075723600143,16387.380509525072,16387.380509525072,985037712,^IXIC
2024-11-04,16427.044676971396,16518.5688901333,16471.559496547154,16472.909390112003,16472.909390112003,502681206,^IXIC
2024-11-05,16249.413443830772,16364.528367505409,16212.333409133173,16260.370442998357,16260.370442998357,895456673,^IXIC
2024-11-06,16544.557870301247,16624.85062241978,16528.843114916763,16563.05053396994,16563.05053396994,691192809,^IXIC
2024-11-07,16741.64151744803,16781.905699100054,16706.341667235734,16763.370712343112,16763.370712343112,852558735,^IXIC
2024-11-08,16667.749391330308,16771.050746194192,16622.316816753428,16689.750069702448,16689.750069702448,943497829,^IXIC
2024-11-11,16378.666242455658,16499.95460863572,16403.81517165383,16408.83912346032,16408.83912346032,715719099,^IXIC
2024-11-12,16588.849722298994,16672.80386071508,16621.59260716988,16635.91651501113,16635.91651501113,586743361,^IXIC
2024-11-13,16609.850260644605,16721.587887385846,16556.852836190243,16621.852536932987,16621.852536932987,813110977,^IXIC
2024-11-14,16826.451547252243,16939.356241541544,16792.152334225924,16832.587094748396,16832.587094748396,865544921,^IXIC
2024-11-15,16559.437630763394,16601.370150970448,16484.680424295537,16569.253446547504,16569.253446547504,619714828,^IXIC
2024-11-18,16431.076226207304,16588.336265686616,16399.68712220214,16474.91225593295,16474.91225593295,679763383,^IXIC
2024-11-19,16448.788345673107,16496.951814244272,16383.165451518444,16480.71862453727,16480.71862453727,694521198,^IXIC
2024-11-20,16479.258849692495,16516.729064057894,16413.454624232643,16493.405579591134,16493.405579591134,869850270,^IXIC
2024-11-21,16383.918840297514,16445.302596941772,16374.693792976122,16424.12247768024,16424.12247768024,961212155,^IXIC
2024-11-22,16488.628530343765,16634.79933112974,16453.47203523536,16531.347350164448,16531.347350164448,987052577,^IXIC
2024-11-25,16318.26825960882,16434.743447274985,16328.278417903444,16359.814712806941,16359.814712806941,633163302,^IXIC
2024-11-26,16296.379917408341,16358.828847374893,16306.390433871611,16341.42963728225,16341.42963728225,612983490,^IXIC
2024-11-27,16353.605570075357,16416.434393102973,16275.602429015336,16365.990092186357,16365.990092186357,729706631,^IXIC
2024-11-28,16417.820042588603,16525.966400963032,16403.67177552989,16455.092897826424,16455.092897826424,682600918,^IXIC
2024-11-29,16554.22305070203,16586.811477717474,16484.482352694977,16577.126314960053,16577.126314960053,732907725,^IXIC
2024-12-02,16354.25073127768,16496.940741740873,16301.276974203412,16395.666112699364,16395.666112699364,617379703,^IXIC
2024-12-03,16113.763263831544,16239.898648017517,16052.114816357514,16149.056575311755,16149.056575311755,629290109,^IXIC
2024-12-04,16322.125459257011,16418.09115250058,16255.259476155936,16360.234045102385,16360.234045102385,569441078,^IXIC
2024-12-05,16387.187898926455,16530.667677735142,16369.973504086669,16419.50946544045,16419.50946544045,633620762,^IXIC
2024-12-06,16292.860415345065,16349.208524452106,16265.151364786801,16301.537500562632,16301.537500562632,594604917,^IXIC
2024-12-09,16532.213807052027,16673.362757073708,16491.803999316187,16559.289582793324,16559.289582793324,807071708,^IXIC
2024-12-10,16534.42471462144,16660.947016246857,16540.325130093628,16583.412267334552,16583.412267334552,857588198,^IXIC
2024-12-11,16736.755767514456,16858.521063557524,16713.336192513823,16783.955004905125,16783.955004905125,935668532,^IXIC
2024-12-12,16798.146464896505,16819.83913323338,16717.343972822477,16800.322462946464,16800.322462946464,896128038,^IXIC
2024-12-13,17143.09435526581,17257.460005964345,17068.924244771573,17151.574856214,17151.574856214,933916224,^IXIC
2024-12-16,17450.88984787636,17510.030100426244,17412.016870538395,17457.788927244204,17457.788927244204,710369424,^IXIC
2024-12-17,17381.6238708496,17439.34487318349,17399.216206240668,17419.562628376392,17419.562628376392,566469096,^IXIC
2024-12-18,17550.86748388468,17595.5846272066,17541.008679019542,17594.03190744551,17594.03190744551,904903581,^IXIC
2024-12-19,17701.512078121108,17782.26187717263,17695.177518962515,17712.857767510734,17712.857767510734,946595508,^IXIC
2024-12-20,17933.3391393589,18026.902264525637,17848.688677065533,17960.59538598796,17960.59538598796,644608012,^IXIC
2024-12-23,17747.802492345836,17882.272155476054,17749.598963110544,17792.67756606449,17792.67756606449,944499476,^IXIC
2024-12-24,17880.68670158795,18031.756776557122,17900.706773880127,17920.082293549105,17920.082293549105,884949650,^IXIC
2024-12-25,18085.660766749577,18125.198080886177,18111.901931146935,18115.12885729569,18115.12885729569,963057972,^IXIC
2024-12-26,17770.437424117616,17893.119998569273,17721.487116972425,17801.96547172319,17801.96547172319,676615186,^IXIC
2024-12-27,17569.82644214001,17619.74756297979,17518.21130232801,17596.66278949872,17596.66278949872,598000184,^IXIC
2024-12-30,17227.713000973316,17346.6884376444,17201.993464716797,17243.104978520176,17243.104978520176,541280792,^IXIC
2024-12-31,17172.665580426885,17300.449510494942,17193.188779793516,17201.82380673115,17201.82380673115,769907998,^IXIC
2025-01-01,17294.598704540775,17396.019968773526,17280.721438078333,17330.414708454035,17330.414708454035,558665296,^IXIC
2025-01-02,17549.87762653755,17683.46045969785,17557.6453058448,17595.978540396518,17595.978540396518,907126198,^IXIC
2025-01-03,17580.67156470804,17653.054425087546,17530.806016559847,17614.295035620853,17614.295035620853,513245462,^IXIC
2025-01-06,17865.561520574018,17965.50707724953,17830.5169869172,17906.448471324453,17906.448471324453,819329725,^IXIC
2025-01-07,17656.210400410397,17766.2909957217,17619.610194813755,17664.693249398602,17664.693249398602,839074121,^IXIC
2025-01-08,17345.044867215045,17424.934521680756,17342.603198703324,17369.09537459721,17369.09537459721,868786441,^IXIC
2025-01-09,17364.171849250022,17408.149281908318,17244.559624106558,17364.657970409844,17364.657970409844,806798051,^IXIC
2025-01-10,17423.65532765159,17496.880570923982,17381.145436951596,17436.559019391796,17436.559019391796,734751541,^IXIC
2025-01-13,17398.089194367883,17537.179142666057,17352.08347151636,17436.08914804995,17436.08914804995,808274739,^IXIC
2025-01-14,17030.016089071072,17120.91836979667,17064.03358894752,17080.83892714709,17080.83892714709,551929747,^IXIC
2025-01-15,17065.661597552273,17091.504402159095,17012.715097381293,17070.740728424247,17070.740728424247,747464095,^IXIC
2025-01-16,16832.8799771974,16937.177244192404,16849.930775380617,16853.17934433022,16853.17934433022,612865137,^IXIC
2025-01-17,16930.362169164546,17069.220704992604,16911.049521035216,16971.09641380759,16971.09641380759,878698929,^IXIC
2025-01-20,17027.97416012407,17050.406398281404,16923.4262616881,17038.403484528157,17038.403484528157,882048667,^IXIC
2025-01-21,16855.2593740822,16911.723686651265,16837.967554576884,16883.37449530954,16883.37449530954,970957933,^IXIC
2025-01-22,16764.730940449062,16818.379008605898,16797.095041533972,16801.681431596677,16801.681431596677,811534579,^IXIC
2025-01-23,16598.02703867208,16669.25708486605,16625.15296028496,16628.756254397977,16628.756254397977,728466740,^IXIC
2025-01-24,16613.945339772235,16675.72643271406,16578.174724725122,16623.322126966286,16623.322126966286,731750039,^IXIC
2025-01-27,16769.18789488369,16875.079790558633,16768.281042269187,16787.085508312277,16787.085508312277,671670350,^IXIC
2025-01-28,16587.551471817085,16702.431766776084,16623.929090258793,16626.646959688715,16626.646959688715,725489941,^IXIC
2025-01-29,16687.648566650805,16788.094652218377,16626.957880153997,16715.440988424387,16715.440988424387,771823901,^IXIC
2025-01-30,16631.55978745058,16672.845180006407,16578.43821407261,16631.820721435244,16631.820721435244,586629054,^IXIC
2025-01-31,16467.260756671592,16602.15737563774,16471.523304207818,16504.941079640837,16504.941079640837,576776652,^IXIC
2025-02-03,16490.480175444864,16546.635289616646,16388.31662924048,16492.2272641169,16492.2272641169,679493946,^IXIC
2025-02-04,16289.914881239094,16438.3375047673,16313.167465052786,16326.440415748411,16326.440415748411,608860886,^IXIC
2025-02-05,16231.081695709623,16313.040606483211,16132.271933832639,16240.947123923423,16240.947123923423,910835719,^IXIC
2025-02-06,16005.137796848334,16065.459661504541,16015.995735136212,16051.272692916076,16051.272692916076,591952593,^IXIC
2025-02-07,16353.380291020489,16448.94152044208,16269.640260266398,16371.451463474617,16371.451463474617,613583115,^IXIC
2025-02-10,16366.06853955119,16419.41734169701,16312.993608561192,16382.13605420901,16382.13605420901,644414622,^IXIC
2025-02-11,16265.152403318687,16350.598144525702,16178.253000565821,16272.420710299924,16272.420710299924,647206093,^IXIC
2025-02-12,16297.166987947312,16320.07411223059,16199.762747429726,16312.122147823211,16312.122147823211,530031137,^IXIC
2025-02-13,16255.827911690005,16318.645067414836,16265.788274576094,16298.692695795724,16298.692695795724,537917521,^IXIC
2025-02-14,16218.943340408905,16365.012490865238,16158.119795297578,16267.567147625414,16267.567147625414,816874487,^IXIC
2025-02-17,16354.26711229787,16398.393652405535,16327.720240613608,16372.357398097622,16372.357398097622,519575137,^IXIC
2025-02-18,16479.083011256665,16597.976789083423,16456.76086612361,16501.29097492414,16501.29097492414,915415934,^IXIC
2025-02-19,16383.135421933224,16450.799279984865,16379.580823637129,16418.70182422409,16418.70182422409,733354314,^IXIC
2025-02-20,16285.67325463789,16402.569270767246,16267.200716807663,16329.085554790416,16329.085554790416,592543848,^IXIC
2025-02-21,16260.090429972535,16368.220328633397,16271.494696798696,16289.070853509058,16289.070853509058,617882416,^IXIC
2025-02-24,15900.297917173675,15976.122648021128,15857.294288785088,15918.996005249412,15918.996005249412,790283086,^IXIC
2025-02-25,15663.155588537347,15716.08488859394,15623.101239598229,15682.568499387704,15682.568499387704,941300408,^IXIC
2025-02-26,15868.449867172636,15925.30401493831,15816.825875450268,15901.634263230011,15901.634263230011,500578526,^IXIC
2025-02-27,16167.825404578894,16171.737737152818,16073.632442905748,16167.981503058172,16167.981503058172,775047664,^IXIC
2025-02-28,16102.581095719623,16166.891848169715,16082.829647086977,16132.567796697667,16132.567796697667,547799289,^IXIC
2025-03-03,16213.111606311515,16304.628759536901,16196.072038532182,16230.42100998823,16230.42100998823,641805404,^IXIC
2025-03-04,16247.004912570392,16392.774707308454,16256.24299953588,16285.80734676788,16285.80734676788,701227417,^IXIC
2025-03-05,16787.429157686645,16894.519238842167,16769.236666730038,16792.11368587354,16792.11368587354,886713361,^IXIC
2025-03-06,16955.17949785816,17076.233696523865,16978.297541439944,16985.151611905916,16985.151611905916,612397407,^IXIC
2025-03-07,16944.035966002062,17062.171653014793,16927.84431250863,16968.520160538177,16968.520160538177,901518293,^IXIC
2025-03-10,16779.074336039455,16889.725258911803,16779.666818172107,16811.46964428096,16811.46964428096,852086309,^IXIC
2025-03-11,16543.226560224663,16576.59360645119,16434.510439088397,16546.445849692474,16546.445849692474,589020624,^IXIC
2025-03-12,16556.21855857639,16690.39707212444,16520.32828173949,16585.07578377997,16585.07578377997,769249878,^IXIC
2025-03-13,16436.87608799687,16541.913383550625,16424.58549524322,16464.60996221852,16464.60996221852,857626967,^IXIC
2025-03-14,16208.073228819736,16299.073588742578,16169.412031361164,16235.380819248743,16235.380819248743,883705905,^IXIC
2025-03-17,16106.065539900621,16147.813784943488,16119.556021286511,16135.277863463743,16135.277863463743,894999559,^IXIC
2025-03-18,15933.207006149121,16015.570265150433,15915.981673192535,15965.607671212852,15965.607671212852,516406440,^IXIC
2025-03-19,16200.54128391591,16292.092521947749,16168.570503259863,16239.759767827589,16239.759767827589,888139397,^IXIC
2025-03-20,16374.542563938285,16486.985990599995,16331.724128141139,16387.807874304188,16387.807874304188,781099179,^IXIC
2025-03-21,16350.846487069384,16454.140050615766,16345.317606582128,16391.417675525005,16391.417675525005,997804152,^IXIC
2025-03-24,16614.04761829278,16683.225103253644,16523.16298662413,16638.91892599758,16638.91892599758,855260223,^IXIC
2025-03-25,16652.93322236072,16770.676315226905,16554.141362657505,16656.783851659282,16656.783851659282,784628124,^IXIC
2025-03-26,16515.417150333447,16531.121065334322,16446.23531124252,16518.318639051042,16518.318639051042,740034459,^IXIC
2025-03-27,16758.048211339574,16824.485983596765,16708.010009979087,16774.868622994265,16774.868622994265,937624458,^IXIC
2025-03-28,16830.5781870164,16875.26531829404,16797.00742494051,16870.302535405386,16870.302535405386,829486968,^IXIC
2025-03-31,16664.921446545213,16786.873806539472,16676.843145139956,16700.377061894273,16700.377061894273,973451072,^IXIC
2025-04-01,16634.152746894502,16780.753385828488,16627.481317627524,16673.599898078257,16673.599898078257,521173866,^IXIC
2025-04-02,16506.949479041883,16565.013119518662,16528.0383117777,16532.604893843763,16532.604893843763,587588498,^IXIC
2025-04-03,16287.414306519919,16406.942430918793,16254.66225729261,16308.951859318448,16308.951859318448,779105672,^IXIC
2025-04-04,16457.6110243934,16498.573791369414,16402.308498232836,16464.89439523499,16464.89439523499,898194586,^IXIC
2025-04-07,16767.6919214964,16891.22324707642,16757.459089551423,16784.217296972012,16784.217296972012,772077227,^IXIC
2025-04-08,16532.959002581654,16641.884251437616,16442.80073859326,16554.513941526307,16554.513941526307,808417987,^IXIC
2025-04-09,16648.2508134397,16746.50408512848,16546.663138566968,16652.67711648321,16652.67711648321,667213667,^IXIC
2025-04-10,16538.37057767088,16551.409487597863,16465.66663921389,16549.323513399904,16549.323513399904,638297169,^IXIC
2025-04-11,16444.10745231257,16584.69951131439,16412.16449885391,16473.672354778813,16473.672354778813,572465294,^IXIC
2025-04-14,16344.87267382659,16464.35073432007,16281.268513910532,16381.025422356517,16381.025422356517,791988274,^IXIC
2025-04-15,16195.756485911405,16279.062692800724,16229.552591419248,16244.409182355163,16244.409182355163,752618892,^IXIC
2025-04-16,16211.65522596151,16351.549795739715,16167.204422229615,16257.164556895164,16257.164556895164,703514962,^IXIC
2025-04-17,16095.86492256164,16158.733331962378,16112.861922843302,16126.952778451581,16126.952778451581,650079664,^IXIC
2025-04-18,16154.965732344435,16274.227350712232,16085.480542174271,16175.40730886473,16175.40730886473,509937093,^IXIC
2025-04-21,16141.268676009453,16184.878368119536,16140.915462318917,16172.13371222972,16172.13371222972,509955951,^IXIC
2025-04-22,16100.305010349082,16217.836631202648,16039.258838193504,16138.342354701394,16138.342354701394,763372343,^IXIC
2025-04-23,15991.039154469554,16057.263934397035,15891.007099619064,15996.718126540663,15996.718126540663,882588875,^IXIC
2025-04-24,15889.688816625136,15920.003196928723,15892.68202929061,15909.25265799291,15909.25265799291,715349938,^IXIC
2025-04-25,15993.805852657915,16061.352554898822,15982.272091954097,16034.202532463236,16034.202532463236,883495588,^IXIC
2025-04-28,16100.76947855399,16120.730482960698,16008.640848714003,16119.330869606589,16119.330869606589,998313616,^IXIC
2025-04-29,15939.198752025974,16018.983690173778,15912.562721778939,15966.5913045252,15966.5913045252,766370745,^IXIC
2025-04-30,15959.050833416688,16020.95606801787,15890.601067053218,15987.241265157803,15987.241265157803,681641686,^IXIC
2025-05-01,16103.246575123643,16179.649345156296,16045.763339950514,16112.163509786129,16112.163509786129,777579676,^IXIC
2025-05-02,15830.797706894416,15880.994265041574,15806.382199485926,15848.019850303785,15848.019850303785,554326176,^IXIC
2025-05-05,15922.890875427272,15972.348723282119,15907.000586645634,15938.8860874059,15938.8860874059,736957499,^IXIC
